{
  "project_info": {
    "project_number": "597691537665",
    "firebase_url": "https://iotfirebaseproject-de118.firebaseio.com",
    "project_id": "iotfirebaseproject-de118",
    "storage_bucket": "iotfirebaseproject-de118.appspot.com"
  },
  "client": [
    {
      "client_info": {
        "mobilesdk_app_id": "1:597691537665:android:1f801f9a836f3c33",
        "android_client_info": {
          "package_name": "com.example.iot"
        }
      },
      "oauth_client": [
        {
          "client_id": "597691537665-h1ghm0o1618e0ific41kti8hjo8mvgan.apps.googleusercontent.com",
          "client_type": 1,
          "android_info": {
            "package_name": "com.example.iot",
            "certificate_hash": "2edc2d3e17b9232033edfa277b6da482b92997af"
          }
        },
        {
          "client_id": "597691537665-6qml17nns6klek4inb7fdp4i9qet9271.apps.googleusercontent.com",
          "client_type": 3
        }
      ],
      "api_key": [
        {
          "current_key": "AIzaSyDep9_yMhVJtrxZRYVV5U3m0LUQiD7pRww"
        }
      ],
      "services": {
        "analytics_service": {
          "status": 1
        },
        "appinvite_service": {
          "status": 2,
          "other_platform_oauth_client": [
            {
              "client_id": "597691537665-6qml17nns6klek4inb7fdp4i9qet9271.apps.googleusercontent.com",
              "client_type": 3
            }
          ]
        },
        "ads_service": {
          "status": 2
        }
      }
    }
  ],
  "configuration_version": "1"
}